<?xml version="1.0" encoding="UTF-8"?>
<cancons>
    <canco id="0">
        <titol>El seu gran hit</titol>
        <autor>Els amics de les arts</autor>
        <any>2017</any>
        <album>Un estrany poder</album>
        <youtube>https://www.youtube.com/watch?v=XMK-S1fPF2o</youtube>
        <imatge>00.jpeg</imatge>
        <lletra>
            <estrofa>
                <vers>La lletra no l'entenc</vers>
                <vers>Però ella es transforma gaudint, ballant, rient</vers>
                <vers>Tothom al meu voltant sap la tornada</vers>
                <vers>Jo, fred, miro el cantant i li dic: T'he calat ja fa estona</vers>
            </estrofa>
            <estrofa>
                <vers>Heu vingut a robar-nos les dones</vers>
                <vers>Heu vingut a robar-nos les dones</vers>
                <vers>No sou més que una banda de pseudopoetes</vers>
                <vers>Feu quatre acords i us penseu qui-sap-què</vers>
                <vers>Heu vingut a robar-nos les dones</vers>
                <vers>Heu vingut a robar-nos les dones</vers>
            </estrofa>
            <estrofa>
                <vers>Però si feu el de sempre</vers>
                <vers>Canteu com hienes</vers>
                <vers>És l'hora ja d'entregar els instruments</vers>
                <vers>S'acaba el seu gran hit, ella m'abraça</vers>
                <vers>Seiem. Fluixet, li dic: Jo, de cançons així, en una tarda te'n puc fer vint-i-cinc</vers>
                <vers>Hi ha un subtext que mai no evoluciona</vers>
                <vers>Les cançons diuen tota l'estona: </vers>
            </estrofa>
            <estrofa>
                <vers>Hem vingut a robar-vos les dones</vers>
                <vers>Hem vingut a robar-vos les dones</vers>
                <vers>Crispetaires del pop</vers>
                <vers>Lletres repetitives</vers>
                <vers>Fem quatre acords i ens en sobren i tot</vers>
                <vers>Hem vingut a robar-vos les dones</vers>
                <vers>Hem vingut a robar-vos les dones</vers>
                <vers>Sempre fem el mateix, però ho vestim de manera que sembli que anem millorant amb el temps</vers>
            </estrofa>
        </lletra>
    </canco>
    <canco id="1">
        <titol>El Miquel i l'Olga tornen</titol>
        <autor>Manel</autor>
        <any>2011</any>
        <album>10 miller per veure una bona armadura</album>
        <youtube>https://www.youtube.com/watch?v=hrJEBDXXgfU</youtube>
        <imatge>01.jpeg</imatge>
        <lletra>
            <estrofa>
                <vers>Calleu, nobles consellers, guardeu-vos la raó que us quedi </vers>
                <vers>i, amb un pas viu i decidit, marxeu on sigui que us esperin.</vers>
                <vers>Baixeu les baldes, ajusteu finestres i correu cortines.</vers>
                <vers>Poseu els nens al llit si dormen, mireu com respiren.</vers>
                <vers>Perquè, si és bo o és dolent, no importa molt ara mateix.</vers>
                <vers>Que sembla tan clar que ens equivoquem com que ho anem a fer.</vers>
                <vers>Que sembla tan clar que ens equivoquem com que ho anem a fer!</vers>
            </estrofa>
            <estrofa>
                <vers>Voleu, amables pretendents, fins altres braços que us valorin</vers>
                <vers>i, pel camí, no pregunteu, deixeu que el nostre amor es fongui.</vers>
                <vers>Guardarem com un tresor les vostres panxes, les carícies,</vers>
                <vers>i ho jurem, per un moment, ens pensàvem que podíem</vers>
                <vers>però, si truca algú, no contesteu, que el cel ja és prou ple de valents.</vers>
                <vers>I sembla tan clar que ens equivoquem com que ho anem a fer!</vers>
                <vers>I sembla tan clar que ens equivoquem com que ho anem a fer!</vers>
            </estrofa>
            <estrofa>
                <vers>Guardeu-vos forces, bona gent, potser ens veurem un altre dia.</vers>
                <vers>Sabem que volíeu fer més, però, què hi farem, així és la vida:</vers>
                <vers>t'equivoques d'uniforme i dispares a qui més estimes </vers>
                <vers>t'equivoques de remei i va i s'infecta la ferida. </vers>
                <vers>I, alguna estona, què us penseu?, també ens agrada estar contents.</vers>
                <vers>Però sembla tan clar que ens equivoquem com que ho anem fer.</vers>
                <vers>Però sembla tan clar que ens equivoquem com que ho anem a fer!</vers>
                <vers>Ai, Verge Santa del Roser, volem el just per viure bé!</vers>
                <vers>Però sembla tan clar que ens equivoquem com que ho anem a fer.</vers>
                <vers>Sembla tan clar que ens equivoquem com que ho anem a fer!</vers>
            </estrofa>
        </lletra>
    </canco>
    <canco id="2">
        <titol>Tot anirà bé</titol>
        <autor>Joan Dausà</autor>
        <any>2019</any>
        <album>Tot anirà bé</album>
        <youtube>https://www.youtube.com/watch?v=xyx_LnEtVWw</youtube>
        <imatge>02.jpeg</imatge>
        <lletra>
            <estrofa>
                <vers>Trec el cap per la finestra del vagó</vers>
                <vers>Veig algú que espera a l'estació</vers>
                <vers>Amb un paper que dur el meu nom</vers>
                <vers>Pujo a un cotxe que té més anys que jo</vers>
                <vers>A la ràdio sona la cançó</vers>
                <vers>Take me home, down country roads</vers>
            </estrofa>
            <estrofa>
                <vers>I ara el cor em diu</vers>
                <vers>Que tot anirà bé</vers>
                <vers>I ara el món em diu</vers>
                <vers>Que tot anirà bé</vers>
            </estrofa>
            <estrofa>
                <vers>Quan cau el sol</vers>
                <vers>Parem a una pensió</vers>
                <vers>Els queda lliure una habitació</vers>
                <vers>Al costat del menjador</vers>
            </estrofa>
            <estrofa>
                <vers>A mitjanit, de sobte sento un crit</vers>
                <vers>I algú que riu em fa sortir del llit</vers>
                <vers>T'esperem, diu, al segon pis</vers>
            </estrofa>
            <estrofa>
                <vers>I ara el cor em diu</vers>
                <vers>Que tot anirà bé</vers>
                <vers>I ara el món em diu</vers>
                <vers>Que tot anirà bé</vers>
            </estrofa>
            <estrofa>
                <vers>I ara el cor em diu</vers>
                <vers>Que tot anirà bé</vers>
                <vers>I ara el món em diu</vers>
            </estrofa>
            <estrofa>
                <vers>Que tot anirà bé</vers>
                <vers>I ara vint anys després</vers>
                <vers>Recordo aquell moment</vers>
                <vers>I ens veig a tots tan bé</vers>
            </estrofa>
            <estrofa>
                <vers>Tornaria a agafar el tren</vers>
                <vers>Tornaria a aquell hotel</vers>
                <vers>Per trobar-te entre la gent</vers>
            </estrofa>
            <estrofa>
                <vers>I ara el cor em diu</vers>
                <vers>Que tot anirà bé</vers>
                <vers>I ara el món em diu</vers>
                <vers>Que tot anirà bé</vers>
            </estrofa>
            <estrofa>
                <vers>I ara el cor em diu</vers>
                <vers>Que tot anirà bé</vers>
                <vers>I ara el món em diu</vers>
                <vers>Que tot anirà bé</vers>
            </estrofa>
        </lletra>
    </canco>
    <canco id="3">
        <titol>Pa amb oli i sal</titol>
        <autor>Balumut</autor>
        <any>2012</any>
        <album>El turista</album>
        <youtube>https://www.youtube.com/watch?v=Hkc5piclElg</youtube>
        <imatge>03.jpeg</imatge>
        <lletra>
            <estrofa>
                <vers>Fes una foto del terrat</vers>
                <vers>Que des d'aquí es pot veure Mart</vers>
            </estrofa>
            <estrofa>
                <vers>La roba estesa, el meu agost</vers>
                <vers>Un camp d'espigues i cargols</vers>
            </estrofa>
            <estrofa>
                <vers>Esperarem que passi el fred</vers>
                <vers>I sota l'arbre parlarem de tot</vers>
            </estrofa>
            <estrofa>
                <vers>Un bioritme elemental</vers>
                <vers>Un mar d'antenes i animals</vers>
            </estrofa>
            <estrofa>
                <vers>Els astronautes volen baix</vers>
                <vers>Els núvols passen com qui no diu res</vers>
                <vers>Amb les butxaques a les mans</vers>
                <vers>Caminarem els passos d'altres peus</vers>
                <vers>Esmorzarem pa amb oli i sal</vers>
                <vers>Ho vestirem amb unes copes de vi</vers>
                <vers>Deixant de banda la ciutat</vers>
                <vers>La tarda és llarga, i portser més, molt més, la nit</vers>
            </estrofa>
            <estrofa>
                <vers>Un altre lloc, un altre temps</vers>
                <vers>On parlarem amb altres déus</vers>
            </estrofa>
            <estrofa>
                <vers>El meu secret subtitulat</vers>
                <vers>Camins d'arròs, camins de blat</vers>
            </estrofa>
            <estrofa>
                <vers>Esperarem que baixi el sol</vers>
                <vers>I sota l'arbre parlarem del temps</vers>
                <vers>Un bioritme elemental</vers>
                <vers>Un tros de vida artificial</vers>
            </estrofa>
            <estrofa>
                <vers>Els astronautes volen baix</vers>
                <vers>Els núvols passen com qui no diu res</vers>
                <vers>Amb les butxaques a les mans</vers>
                <vers>Caminarem els passos d'altres peus</vers>
            </estrofa>
            <estrofa>
                <vers>Esmorzarem pa amb oli i sal</vers>
                <vers>Ho vestirem amb unes copes de vi</vers>
                <vers>Deixant de banda la ciutat</vers>
                <vers>La tarda és llarga, i portser més, molt més, la nit</vers>
            </estrofa>
        </lletra>
    </canco>
    <canco id="4">
        <titol>Digue'm que m'estimes</titol>
        <autor>Els Pets</autor>
        <any>1997</any>
        <album>Bon dia</album>
        <youtube>https://www.youtube.com/watch?v=7qLoj_INWAM</youtube>
        <imatge>04.jpeg</imatge>
        <lletra>
            <estrofa>
                <vers>Digue'm que m'estimes</vers>
                <vers>Encara que sigui un somni</vers>
                <vers>Digue'm que em desitges</vers>
                <vers>I et prometo que et creuré</vers>
            </estrofa>
            <estrofa>
                <vers>Digue'm que m'enyores</vers>
                <vers>I que no et passen les hores</vers>
                <vers>Digue'm que em somies</vers>
                <vers>Cada nit des de fa temps</vers>
            </estrofa>
            <estrofa>
                <vers>Saps que sé molt bé</vers>
                <vers>Que un altre t'omple la vida</vers>
                <vers>I que no pot ser</vers>
                <vers>Que no vols mirar al passat</vers>
            </estrofa>
            <estrofa>
                <vers>I ara que he tornat</vers>
                <vers>No pretenc trobar-te sola</vers>
                <vers>Tan sols tenir-te</vers>
                <vers>Un cop més al costat</vers>
            </estrofa>
            <estrofa>
                <vers>Digue'm que m'estimes</vers>
                <vers>Omplem el cos de mentides</vers>
                <vers>Només et demano un dia</vers>
                <vers>Jo demà ja hauré marxat</vers>
                <vers>Sols amb tu podria</vers>
                <vers>Soportar la melangia</vers>
                <vers>I guarir-me la ferida</vers>
                <vers>Que m'ha quedat</vers>
            </estrofa>
            <estrofa>
                <vers>Digue'm que m'estimes</vers>
                <vers>Encara que no t'ho creguis</vers>
                <vers>Digue'm que em desitges</vers>
                <vers>I després me n'aniré</vers>
            </estrofa>
            <estrofa>
                <vers>Digue'm que m'enyores</vers>
                <vers>I et sap greu quan te n'adones</vers>
                <vers>Diguem que em somies</vers>
                <vers>Enganya'm encara més</vers>
            </estrofa>
            <estrofa>
                <vers>Saps que marxaré</vers>
                <vers>I no em tornaràs a veure</vers>
                <vers>Aquest cop pot ser</vers>
                <vers>L'últim que m'abraçaràs</vers>
            </estrofa>
            <estrofa>
                <vers>I en aquest instant</vers>
                <vers>Recordarem la nostra història</vers>
                <vers>Aquell amor que amb el temps s'ha esborrat</vers>
            </estrofa>
            <estrofa>
                <vers>Digue'm que m'estimes</vers>
                <vers>Ompla'm el cos de mentides</vers>
                <vers>Només et demano un dia</vers>
                <vers>Jo demà ja hauré marxat</vers>
                <vers>Sols amb tu podria</vers>
                <vers>Soportar la melangia</vers>
                <vers>I guarir-me la ferida</vers>
                <vers>Que m'ha quedat</vers>
            </estrofa>
            <estrofa>
                <vers>Saps que marxaré</vers>
                <vers>I no em tornaràs a vuere</vers>
                <vers>Aquest cop pot ser</vers>
                <vers>L'últim que m'abraçaràs</vers>
                <vers>I en aquest instant</vers>
                <vers>Recordarem la nostra història</vers>
                <vers>Aquell amor que amb el tems s'ha esborrat</vers>
            </estrofa>
            <estrofa>
                <vers>Digue'm que m'estimes</vers>
                <vers>Ompla'm el cos de mentides</vers>
                <vers>Només et demano un dia</vers>
                <vers>Jo demà ja hauré marxat</vers>
                <vers>Sols amb tu podria</vers>
                <vers>Soportar la melangia</vers>
                <vers>I guarir-me la ferida</vers>
                <vers>Que m'ha quedat</vers>
            </estrofa>
        </lletra>
    </canco>
    <canco id="5">
        <titol>El boig de la ciutat</titol>
        <autor>Sopa de cabra</autor>
        <any>1989</any>
        <album>Sopa de cabra</album>
        <youtube>https://www.youtube.com/watch?v=XMK-S1fPF2o</youtube>
        <imatge>05.jpeg</imatge>
        <lletra>
            <estrofa>
                <vers>Acabava d'arribar</vers>
                <vers>Només volia tranquil·litat</vers>
                <vers>Després de nits humides a la carretera.</vers>
                <vers>Ell se'm va posar al davant</vers>
                <vers>No em vaig saber controlar</vers>
                <vers>Va caure al mig d'una bassa de sang</vers>
                <vers>I em va dir:</vers>
            </estrofa>
            <estrofa>
                <vers>Jo era el boig de la ciutat, tu m'has matat</vers>
                <vers>M'hauràs de substituir d'ara endavant.</vers>
            </estrofa>
            <estrofa>
                <vers>Van acceptar la condemna</vers>
                <vers>Per majoria absoluta</vers>
                <vers>Ni tan sols vaig poder-me defensar.</vers>
                <vers>Vagaràs fins l'últim dia</vers>
                <vers>En vela la nit per tota la vila</vers>
                <vers>Tu ets l'elegit per tots, em van dir.</vers>
            </estrofa>
            <estrofa>
                <vers>Tu ets el boig de la ciutat, tu l'has matat</vers>
                <vers>L'hauràs de substituir d'ara endavant.</vers>
            </estrofa>
            <estrofa>
                <vers>Tu ets el boig de la ciutat, tu l'has matat</vers>
                <vers>L'hauràs de substituir d'ara endavant.</vers>
            </estrofa>
            <estrofa>
                <vers>Vaig passant dies i dies</vers>
                <vers>Aguantant humiliacions</vers>
                <vers>L'ànima té força quan s'està sol.</vers>
                <vers>Caure dins d'aquest forat</vers>
                <vers>Del que no puc escapar</vers>
                <vers>Em fa cantar per suportar el dolor.</vers>
            </estrofa>
            <estrofa>
                <vers>Sóc el boig de la ciutat, jo el vaig matar</vers>
                <vers>L'hauré de substituir d'ara endavant.</vers>
                <vers>Sóc el boig de la ciutat, jo el vaig matar</vers>
                <vers>L'hauré de substituir fins que algú acabi amb mi.</vers>
            </estrofa>
            <estrofa>
                <vers>Fins que algú acabi amb mi.</vers>
                <vers>Fins que algú acabi amb mi.</vers>
                <vers>Fins que algú acabi amb mi.</vers>
            </estrofa>
        </lletra>
    </canco>
    <canco id="6">
        <titol>Petar-ho</titol>
        <autor>Oques grasses</autor>
        <any>2021</any>
        <album>A tope amb la vida</album>
        <youtube>https://www.youtube.com/watch?v=yC1lVYWGilE</youtube>
        <imatge>06.jpeg</imatge>
        <lletra>
            <estrofa>
                <vers>Vull petar-ho davant del mirall</vers>
                <vers>Vull petar-ho tots els dies de l'any</vers>
                <vers>Com una butterfly</vers>
                <vers>Com una butterfly que no la palma mai</vers>
            </estrofa>
            <estrofa>
                <vers>Vull petar-ho davant del mirall</vers>
                <vers>Vull petar-ho tots els dies de l'any</vers>
                <vers>Com una butterfly</vers>
                <vers>Com una butterfly que no la palma mai</vers>
            </estrofa>
            <estrofa>
                <vers>Come and get all you want it's your life</vers>
                <vers>All your shadows and lalala lights</vers>
                <vers>Doesn't matter if you want it that's fine</vers>
                <vers>Whathever what they say it's alright</vers>
                <vers>Iee it's alright, alright, alright</vers>
            </estrofa>
            <estrofa>
                <vers>Quan tot</vers>
                <vers>És tan gran i tan petit</vers>
                <vers>Tan merda i tan bonic</vers>
                <vers>Tan pobre però tan ric</vers>
                <vers>Que visc somiant que visc</vers>
                <vers>Tan gran i tan petit</vers>
                <vers>Tan merda i tan bonic</vers>
                <vers>Tan pobre però tan ric</vers>
            </estrofa>
            <estrofa>
                <vers>Alright</vers>
            </estrofa>
            <estrofa>
                <vers>Vull petar-ho davant del mirall</vers>
                <vers>Vull petar-ho tots els dies de l'any</vers>
                <vers>Com una butterfly</vers>
                <vers>Com una butterfly</vers>
                <vers>Que no la palma mai</vers>
            </estrofa>
            <estrofa>
                <vers>I have a dream, I have a dream, I have a dream</vers>
                <vers>Oh, I have a dream, I have a dream, I have a dream</vers>
            </estrofa>
            <estrofa>
                <vers>Saps que ets flipant</vers>
                <vers>Encara que surtis del fang</vers>
                <vers>Que són flipants les tonteries importants</vers>
                <vers>Que pots tenir el món als teus peus dient-te que t'estima molt</vers>
                <vers>Però no pots creure en tu</vers>
                <vers>Si no t'estimes tu</vers>
            </estrofa>
            <estrofa>
                <vers>Saps que ets flipant</vers>
                <vers>Encara que surtis del fang</vers>
                <vers>Que som flipants quan oblidem que ens hem fet mal</vers>
                <vers>Que pots tenir el món als teus peus dient-te que t'estima molt</vers>
                <vers>Però no pots creure en tu</vers>
                <vers>Si no t'estimes tu</vers>
            </estrofa>
            <estrofa>
                <vers>Quan tot</vers>
                <vers>És tan gran i tan petit</vers>
                <vers>Tan merda i tan bonic</vers>
                <vers>Tan pobre però tan ric</vers>
                <vers>Que visc somiant que visc</vers>
                <vers>Tan gran i tan petit</vers>
                <vers>Tan merda i tan bonic</vers>
                <vers>Tan pobre però tan ric</vers>
                <vers>Que visc somiant que visc (alright)</vers>
            </estrofa>
            <estrofa>
                <vers>Quan menys hi penso és quan més ho peto</vers>
                <vers>Quan menys hi penso és quan més ho peto</vers>
                <vers>Quan menys hi penso és quan més ho peto</vers>
                <vers>Quan menys hi penso és quan més ho peto</vers>
                <vers>Quan menys hi penso és quan més ho peto</vers>
                <vers>Quan menys hi penso és quan més ho peto</vers>
                <vers>Quan menys hi penso és quan més ho peto</vers>
                <vers>Quan menys hi penso és quan més ho peto</vers>
            </estrofa>
        </lletra>
    </canco>
    <canco id="7">
        <titol>Gat rumberu</titol>
        <autor>La Pegatina</autor>
        <any>2009</any>
        <album>Via mandarina</album>
        <youtube>https://www.youtube.com/watch?v=A34m7ucLk3s</youtube>
        <imatge>07.jpeg</imatge>
        <lletra>
            <estrofa>
                <vers>I en una altra vida vaig ser estudiant</vers>
                <vers>Tirant tirant, i anar tirant</vers>
                <vers>Patada al cul, roba a la porta</vers>
                <vers>M'hauré d'espavilar</vers>
            </estrofa>
            <estrofa>
                <vers>Vaig voler salvar 100 vides</vers>
                <vers>Amb el casc de bomber</vers>
                <vers>Però tot just en duia 4</vers>
                <vers>I el foc se m'endugué</vers>
            </estrofa>
            <estrofa>
                <vers>Serà que no he nascut</vers>
                <vers>Per ser un heroi. serà el destí</vers>
                <vers>Serà la sort, ja no tinc solució</vers>
            </estrofa>
            <estrofa>
                <vers>Perquè sóc el gat. el gat rumberu</vers>
                <vers>Ni poeta ni estudiant</vers>
                <vers>Ni pagès ni advocat</vers>
                <vers>Perquè sóc el gat, el gat rumberu</vers>
                <vers>Ni bomber ni conseller</vers>
                <vers>De la Generalitat</vers>
            </estrofa>
            <estrofa>
                <vers>Tirant tirant i anar tirant</vers>
                <vers>Tirant tirant i anar tirant</vers>
                <vers>Tirant tirant i anar tirant</vers>
                <vers>Tirant tirant i anar tirant</vers>
            </estrofa>
            <estrofa>
                <vers>Sóc incomformista o és</vers>
                <vers>Que em falta decisió</vers>
                <vers>He gastat sis vides i ara em queda</vers>
                <vers>La pitjor</vers>
                <vers>Al carrer sempre s'hi està bé</vers>
                <vers>Quan no queda lloc on anar</vers>
                <vers>La rumba em dóna trambera</vers>
                <vers>I ara no puc triar</vers>
            </estrofa>
            <estrofa>
                <vers>Perquè sóc el gat, el gat rumberu</vers>
                <vers>Ni poeta ni estudiant</vers>
                <vers>Ni pagès ni advocat</vers>
                <vers>Perquè sóc el gat, el gat rumberu</vers>
                <vers>Ni bomber ni conseller</vers>
                <vers>De la Generalitat</vers>
            </estrofa>
        </lletra>
    </canco>
    <canco id="8">
        <titol>Jugular</titol>
        <autor>Triquell</autor>
        <any>2022</any>
        <album>Jugular</album>
        <youtube>https://www.youtube.com/watch?v=HekwACr4CHc</youtube>
        <imatge>08.jpeg</imatge>
        <lletra>
            <estrofa>
                <vers>Soc un moc podrit en un lloc avorrit</vers>
                <vers>Maquino atordit rere d'un menhir</vers>
            </estrofa>
            <estrofa>
                <vers>Poc em crec la realitat</vers>
                <vers>Falta honestedat</vers>
                <vers>Estic en captivitat</vers>
                <vers>Dissociant la veritat</vers>
            </estrofa>
            <estrofa>
                <vers>Però tu tranquil</vers>
                <vers>És millor riures de la vida que morir vivint</vers>
                <vers>Tots abduïts</vers>
                <vers>La movie m'atabala però jo crec en el destí</vers>
            </estrofa>
            <estrofa>
                <vers>Una aparició m'il·lumina a mitja festa</vers>
                <vers>Fem alguna cosa aquesta party apesta</vers>
                <vers>Para el paripé o em tiraré per la finestra</vers>
                <vers>Tranqui, Triqui, titu tranqui, que ara això s'arregla</vers>
            </estrofa>
            <estrofa>
                <vers>Una revelació m'obre els ulls a mitja festa</vers>
                <vers>Aquesta cerimònia es avorrida i somnolenta</vers>
                <vers>I ara dinamitem la trama perquè deixi de ser un trauma</vers>
                <vers>La ridícula vetllada d'un sol ús i fraudulenta</vers>
            </estrofa>
            <estrofa>
                <vers>'Nem a encendre la metxa</vers>
                <vers>Canviaré aquets festa</vers>
                <vers>La moguda es aquesta</vers>
                <vers>Incrementa la music</vers>
                <vers>I ja sents la potencia</vers>
            </estrofa>
            <estrofa>
                <vers>'Nem a encendre la metxa</vers>
                <vers>Canviaré aquets festa</vers>
                <vers>La moguda es aquesta</vers>
                <vers>Que ara arribo, Joe</vers>
                <vers>I te la lio amb la nova Triqui</vers>
            </estrofa>
            <estrofa>
                <vers>Bomb, bomb, bomb, bomb, bomb, bomb track</vers>
                <vers>A la jugu, jugu, jugu, jugu, jugular</vers>
            </estrofa>
            <estrofa>
                <vers>Bomb, bomb, bomb, bombtrack</vers>
                <vers>A la jugu, jugu, jugular</vers>
            </estrofa>
            <estrofa>
                <vers>Bomb, bomb, bomb, bomb, bomb, bomb track</vers>
                <vers>A la jugu, jugu, jugu, jugu, jugular</vers>
            </estrofa>
            <estrofa>
                <vers>Bomb, bomb, bomb, bombtrack</vers>
                <vers>A la jugu, jugu, jugular</vers>
            </estrofa>
            <estrofa>
                <vers>Perseguint la nit buscant la teva intimitat</vers>
                <vers>Puresa eclipsades per un mon esclavitzat</vers>
                <vers>No ballaré ofuscat per una melody trillada</vers>
                <vers>El ritme de la bachata, barata, ballada per papes i mames que no saben com cuidar-la</vers>
            </estrofa>
            <estrofa>
                <vers>Hem vingut a liar un chicken (Joe)</vers>
                <vers>S'ha escapat el teu pollastre (Joe)</vers>
                <vers>Deixa de donar la nota (Joe)</vers>
                <vers>Una ronda de White Russian (Joe)</vers>
            </estrofa>
            <estrofa>
                <vers>Una aparició m'il·lumina a mitja festa</vers>
                <vers>Fem alguna cosa aquesta party apesta</vers>
                <vers>Para el paripé o em tiraré per la finestra</vers>
                <vers>Tranqui, Triqui, titu tranqui, que ara això s'arregla</vers>
            </estrofa>
            <estrofa>
                <vers>Una revelació m'obre els ulls a mitja festa</vers>
                <vers>Aquesta cerimònia es avorrida i somnolenta</vers>
                <vers>I ara dinamitem la trama perquè deixi de ser un trauma</vers>
                <vers>La ridícula vetllada d'un sol ús i fraudulenta</vers>
            </estrofa>
            <estrofa>
                <vers>'Nem a encendre la metxa</vers>
                <vers>Canviaré aquets festa</vers>
                <vers>La moguda es aquesta</vers>
                <vers>Incrementa la music</vers>
                <vers>I ja sents la potencia</vers>
            </estrofa>
            <estrofa>
                <vers>'Nem a encendre la metxa</vers>
                <vers>Canviaré aquets festa</vers>
                <vers>La moguda es aquesta</vers>
                <vers>Que ara arribo, Joe</vers>
                <vers>I te la lio amb la nova Triqui</vers>
            </estrofa>
            <estrofa>
                <vers>Bomb, bomb, bomb, bomb, bomb, bomb track</vers>
                <vers>A la jugu, jugu, jugu, jugu, jugular</vers>
            </estrofa>
            <estrofa>
                <vers>Bomb, bomb, bomb, bombtrack</vers>
                <vers>A la jugu, jugu, jugular</vers>
            </estrofa>
            <estrofa>
                <vers>Bomb, bomb, bomb, bomb, bomb, bomb track</vers>
                <vers>A la jugu, jugu, jugu, jugu, jugular</vers>
            </estrofa>
            <estrofa>
                <vers>Bomb, bomb, bomb, bombtrack</vers>
                <vers>A la jugu, jugu, jugular</vers>
            </estrofa>
        </lletra>
    </canco>
    <canco id="9">
        <titol>Exercici seixanta</titol>
        <autor>Els amics de les arts</autor>
        <any>2008</any>
        <album>Castafiore Cabaret</album>
        <youtube>https://www.youtube.com/watch?v=bgOvJwMDAD8</youtube>
        <imatge>09.jpeg</imatge>
        <lletra>
            <estrofa>
                <vers>Pinotxo és un putxinel·li un xic fatxenda</vers>
                <vers>Però s'expressa amb una sintaxi excellent</vers>
            </estrofa>
            <estrofa>
                <vers>Al Terrat hi ha xerinola,</vers>
                <vers>Ximxiviri damunt dels totxos,</vers>
                <vers>El xivarri baixa per la xemeneia</vers>
                <vers>I es converteix en un xiuxiueig</vers>
            </estrofa>
            <estrofa>
                <vers>A Bordeus diu que els més xovinistes beuen xampany,</vers>
                <vers>Però aquí baix en Pedro Ximénez només xarrupa xerès.</vers>
            </estrofa>
            <estrofa>
                <vers>Amb vi xarello aquí mengem xató</vers>
                <vers>I els pixapins xocolata amb xurros</vers>
                <vers>En xicres del carrer Petritxol,</vers>
                <vers>Mentre xerren de ximpleries en xava</vers>
            </estrofa>
            <estrofa>
                <vers>Els xilens, teixeixen xals,</vers>
                <vers>A texes no en vesteixen.</vers>
                <vers>Ni xeviots ni xinelles</vers>
                <vers>Perquè no s'hi atreveixen</vers>
            </estrofa>
            <estrofa>
                <vers>I tan mateix ens van de xulos</vers>
            </estrofa>
            <estrofa>
                <vers>En Xema, eixelebrat pel xacolí</vers>
                <vers>Toca la xalaparta a la panxa d'en Patxi</vers>
                <vers>Que perd la xapela i s'exalta</vers>
                <vers>I li diu xeeee relaxa't</vers>
                <vers>I ho fa d'una forma ben complexa,</vers>
                <vers>Toca el saxo de manera laxa,</vers>
                <vers>Poc ortodoxa.</vers>
            </estrofa>
            <estrofa>
                <vers>I al mateix moment en un stage a Mèxic,</vers>
                <vers>Shevchenko xuta una xilena</vers>
                <vers>I la inxada explota</vers>
                <vers>Quan la xarxa cedeix i es trinxa.</vers>
                <vers>Les xifres que no es mereix</vers>
                <vers>S'engreixen Exageradament!</vers>
            </estrofa>
            <estrofa>
                <vers>A Luxemburg, un ximpanzé,</vers>
                <vers>Va i vexa un xipriota,</vers>
                <vers>Fuma haixix</vers>
                <vers>Va molt deixat</vers>
                <vers>I es clar no té xicota</vers>
            </estrofa>
            <estrofa>
                <vers>El xef prepara un xeflis,</vers>
                <vers>Patates xips cruixents,</vers>
                <vers>Escarxofes amb anxoves,</vers>
                <vers>Xoriç amb ximixurri i beixamel fent: xup xup!</vers>
            </estrofa>
            <estrofa>
                <vers>Vi de garnatxa,</vers>
                <vers>I de postres un xuxo de can Foix.</vers>
                <vers>Al Txad si tenen xamba,</vers>
                <vers>S'abasteixen de deixalles.</vers>
            </estrofa>
            <estrofa>
                <vers>Caixa o faixa.</vers>
            </estrofa>
            <estrofa>
                <vers>I en Pinxo va dir a en Panxo,</vers>
                <vers>Vols que et xuti amb un punxó.</vers>
                <vers>I en Panxo va dir a en Pinxo</vers>
                <vers>Xuta'm pro a la panxa no.</vers>
            </estrofa>
            <estrofa>
                <vers>Bufa xaloc al vaixell,</vers>
                <vers>En Xavier recull la xarxa feixuga i reflexiona.</vers>
                <vers>Els peixos neixen, creixen</vers>
                <vers>Es reprodueixen, moren</vers>
                <vers>I no es queixen.</vers>
            </estrofa>
            <estrofa>
                <vers>El xicot que va conèixer en un xat</vers>
                <vers>S'aixeca per un kleenex.</vers>
                <vers>La Xuxa, panxuda i xopa</vers>
                <vers>Xiscla encara d'exitació a l'entrecuix i xiuxiueja.</vers>
                <vers>Eixuga't i tornem-hi!</vers>
            </estrofa>
            <estrofa>
                <vers>I en Pinxo va dir a en Panxo,</vers>
                <vers>Vols que et xuti amb un Punxó.</vers>
                <vers>I en Panxo va dir a en Pinxo</vers>
                <vers>Xuta'm pro a la panxa no.</vers>
            </estrofa>
            <estrofa>
                <vers>I en Pinxo va dir a en Panxo,</vers>
                <vers>Vols que et xuti amb un Punxó.</vers>
                <vers>I en Panxo va dir a en Pinxo</vers>
                <vers>Xuta'm pro a la panxa no.</vers>
            </estrofa>
            <estrofa>
                <vers>Microxips i una xiruca eixerida,</vers>
                <vers>I un dibuixant xiroi xiula</vers>
                <vers>I es clava una xinxeta a l'índex,</vers>
                <vers>Fa xafogor, un xixarello fa créixer un esqueix moix</vers>
                <vers>I els seu amic el coix li aixafa una maduixa.</vers>
            </estrofa>
            <estrofa>
                <vers>Xalen el bruixot i la bruixa,</vers>
                <vers>Un xiquet xinès exigeix el seu xumet</vers>
                <vers>I un LP d'en Xesco Boix.</vers>
                <vers>La Xènia s'enclenxina mentre el xòfer</vers>
                <vers>Fa sonar el clàxon,</vers>
                <vers>Xàfac xavalla en xecs</vers>
                <vers>I un expert en explosions es deixa endur per la disbauxa,</vers>
            </estrofa>
            <estrofa>
                <vers>Patxanga en estat de xoc,</vers>
                <vers>Xarlatans, taxis, faxos flaixos Groucho Marxs, Quixots i Sanchos.</vers>
                <vers>La rauxa s'estén d'Elx a la Garrotxa, d'Andratx a Flix, Flix, Flix!</vers>
            </estrofa>
            <estrofa>
                <vers>I un xafarder llegeix el Xoriguera.</vers>
            </estrofa>
            <estrofa>
                <vers>I en Pinxo va dir a en Panxo,</vers>
                <vers>Vols que et xuti amb un punxó.</vers>
                <vers>I en Panxo va dir a en Pinxo</vers>
                <vers>Xuta'm pro a la panxa no.</vers>
            </estrofa>
            <estrofa>
                <vers>I en Pinxo va dir a en Panxo,</vers>
                <vers>Vols que et xuti amb un punxó.</vers>
                <vers>I en Panxo va dir a en Pinxo</vers>
                <vers>Xuta'm pro a la panxa no.</vers>
            </estrofa>
        </lletra>
    </canco>
    <canco id="10">
        <titol>Make me real</titol>
        <autor>Cypecore</autor>
        <any>2024</any>
        <album>Make me real</album>
        <youtube>https://youtu.be/15zYyU02BZ0?si=wPApkjv4aWGit51g</youtube>
        <imatge>010.jpeg</imatge>
        <lletra>
            <estrofa>
                <vers>How long did you wait for the day of awakening</vers>
                <vers>how long did you pray for another offering</vers>
                <vers>how long did you spin the wheel of fortune</vers>
                <vers>and what if tomorrow never comes</vers>
            </estrofa>
            <estrofa>
                <vers>I'm sorry I didn't tell you 'bout the world</vers>
                <vers>make me real make me feel make me realize I'm real</vers>
                <vers>I'm sorry I didn't tell you 'bout the world</vers>
                <vers>make me real make me feel make me realize I'm real</vers>
            </estrofa>

            <estrofa>
                <vers>and now time has come for the day of awakening</vers>
                <vers>no longer a victim of endless suffering</vers>
                <vers>have one final spin of the wheel of fortune</vers>
                <vers>and realize that tomorrow never comes</vers>
            </estrofa>
            <estrofa>
                <vers>I ... a victim  no longer meant to be</vers>
                <vers>I am a victim of false security</vers>
                <vers>I am a slave to my mortality</vers>
                <vers>I was a victim of false security</vers>
                <vers>I am no longer meant to be</vers>
            </estrofa>
            <estrofa>
                <vers>I'm sorry I didn't tell you 'bout the world</vers>
                <vers>make me real make me feel make me realize I'm real</vers>
                <vers>I'm sorry I didn't tell you 'bout the world</vers>
                <vers>make me real make me feel make me realize I'm real</vers>
            </estrofa>
        </lletra>
    </canco>
    <canco id="11">
        <titol>The Devil in I</titol>
        <autor>Slipknot</autor>
        <any>2014</any>
        <album>5: The Gray Chapter</album>
        <youtube>https://youtu.be/XEEasR7hVhA?si=5eAYv2IPvDTVSo_0</youtube>
        <imatge>011.jpeg</imatge>
        <lletra>
            <estrofa>
                <vers>Undo these chains, my friend. I’ll show you the rage I’ve hidden.</vers>
                <vers>Perish the Sacrament. Swallow, but nothing’s forgiven.</vers>
                <vers>You and I can’t decide which of us was taken for granted.</vers>
                <vers>Make amends… some of us are destined to be outlived.</vers>
            </estrofa>
            <estrofa>
                <vers>STEP INSIDE/ SEE THE DEVIL IN I</vers>
                <vers>Too many times, we’ve let it come to this</vers>
                <vers>STEP INSIDE/ SEE THE DEVIL IN I</vers>
                <vers>You’ll realize I’m not your Devil anymore</vers>
            </estrofa>
            <estrofa>
                <vers>Under the words of men, something is tempting the father.</vers>
                <vers>Where is your will, my friend? Insatiates never even bother.</vers>
                <vers>You and I, wrong or right, traded a lie for the leverage.</vers>
                <vers>In between the lens in light, you’re not what you seem.</vers>
            </estrofa>
            <estrofa>
                <vers>STEP INSIDE/ SEE THE DEVIL IN I</vers>
                <vers>Too many times, we’ve let it come to this</vers>
                <vers>STEP INSIDE/ SEE THE DEVIL IN I</vers>
                <vers>You’ll realize I’m not your Devil...</vers>
                <vers>I’m Not Your Devil Anymore</vers>
            </estrofa>
            <estrofa>
                <vers>Your Station- Is Abandoned- Fool You ‘cause I know what you’ve done</vers>
                <vers>Sensation- Depravation- You should’ve burned when you turned on everyone</vers>
                <vers>STEP INSIDE/ SEE THE DEVIL IN I</vers>
                <vers>Too many times, we’ve let it come to this</vers>
                <vers>SO STEP INSIDE/ SEE THE DEVIL IN I</vers>
                <vers>Oh, when all that’s left does not make sense</vers>
                <vers>SO STEP INSIDE/ SEE THE DEVIL IN I</vers>
                <vers>I know you’ll find your answers in the end</vers>
                <vers>STEP INSIDE/ SEE THE DEVIL IN I</vers>
                <vers>You’ll realize I’m not your Devil… anymore</vers>
            </estrofa>
        </lletra>
    </canco>
    <canco id="12">
        <titol>Voices</titol>
        <autor>In Flames</autor>
        <any>2016</any>
        <album>I, The Mask </album>
        <youtube>https://youtu.be/l73dBYukz0I?si=C1TuJP_mp27jTsKO</youtube>
        <imatge>012.jpeg</imatge>
        <lletra>
            <estrofa>
                <vers>Could you be the angel left in the dark?</vers>
                <vers>It's mostly silence echoing through the halls</vers>
                <vers>Kill the hunt instead of lying to myself?</vers>
                <vers>For long I've seen the signs written on these walls</vers>
                <vers>I will search through the wreckage of my soul</vers>
                <vers>Believe in what I have cause that's all I am</vers>
            </estrofa>
            <estrofa>
                <vers>I swear I could hear voices from the edge of the earth</vers>
                <vers>Reminding myself to breathe slow</vers>
                <vers>Wandering alone in this wasteland.... we used to call home</vers>
            </estrofa>
            <estrofa>
                <vers>Could you be the devil left in my heart?</vers>
                <vers>All these feelings I wish I could turn them off</vers>
                <vers>Kill the hunt instead of lying to myself?</vers>
                <vers>For long I've seen the signs written on these walls</vers>
                <vers>Written on these walls</vers>
            </estrofa>
            <estrofa>
                <vers>I swear I could hear voices from the edge of the earth</vers>
                <vers>Reminding myself to breathe slow</vers>
                <vers>Wandering alone in this wasteland.... we used to call home</vers>
            </estrofa>
            <estrofa>
                <vers>I will search through the wreckage of my soul</vers>
                <vers>Believe in what I have cause that's all I am</vers>
            </estrofa>
            <estrofa>
                <vers>I swear I could hear voices from the edge of the earth</vers>
                <vers>Reminding myself to breathe slow</vers>
                <vers>Wandering alone in this wasteland.... we used to call home</vers>
            </estrofa>
            <estrofa>
                <vers>We used to call home</vers>
                <vers>(I swear I could hear voices from the edge of the Earth)</vers>
            </estrofa>
        </lletra>
    </canco>
    <canco id="13">
        <titol>Painkiller</titol>
        <autor>Three Days Grace</autor>
        <any>2015</any>
        <album>Human</album>
        <youtube>https://youtu.be/U8ai37gFvMk?si=owXaGwcWM8aDAw-k</youtube>
        <imatge>013.jpeg</imatge>
        <lletra>
            <estrofa>
                <vers>You know you need a fix when you fall down</vers>
                <vers>You know you need to find a way</vers>
                <vers>To get you through another day</vers>
                <vers>Let me be the one to numb you out</vers>
                <vers>Let me be the one to hold you</vers>
                <vers>Never gonna let you get away</vers>
            </estrofa>
            <estrofa>
                <vers>The shoulder you cry on</vers>
                <vers>The dose that you die on</vers> 
            </estrofa>
            <estrofa>
                <vers>I, I can be your painkiller, killer, killer</vers>
                <vers>You'll love me 'til it's all over, over</vers>
                <vers>'Cause I'm the shoulder you cry on</vers>
                <vers>The dose that you die on</vers>
                <vers>I, I can be your painkiller, killer, killer</vers>
            </estrofa>
            <estrofa>
                <vers>I know what you want so desperately</vers>
                <vers>You know I'll give you one for free</vers>
                <vers>Forever you're coming back to me</vers>
                <vers>Now, I'm gonna give you what you need</vers>
                <vers>'Cause I know what you fiend on and what you lean on</vers>
                <vers>And what you lean on</vers>
            </estrofa>
            <estrofa>
                <vers>The shoulder you cry on</vers>
                <vers>The dose that you die on</vers> 
            </estrofa>
            <estrofa>
                <vers>I, I can be your painkiller, killer, killer</vers>
                <vers>You'll love me 'til it's all over, over</vers>
                <vers>'Cause I'm the shoulder you cry on</vers>
                <vers>The dose that you die on</vers>
                <vers>I, I can be your painkiller, killer, killer</vers>
            </estrofa>
            <estrofa>
                <vers>Did you find another cure?</vers>
                <vers>Did you find another cure?</vers> 
            </estrofa>
            <estrofa>
                <vers>I, I can be your painkiller, killer, killer</vers>
                <vers>You'll love me 'til it's all over, over</vers>
                <vers>'Cause I'm the shoulder you cry on</vers>
                <vers>The dose that you die on</vers>
                <vers>I, I can be your painkiller, killer, killer</vers>
            </estrofa>
        </lletra>
    </canco>
    <canco id="14">
        <titol>DArkSide</titol>
        <autor>Bring Me The Horizon</autor>
        <any>2023</any>
        <album>Sencillo</album>
        <youtube>https://youtu.be/3Nt37RGbVjo?si=mfKDez0P6rCvzECS</youtube>
        <imatge>014.jpeg</imatge>
        <lletra>
            <estrofa>
                <vers>Sinking under</vers>
                <vers>Think my angels fallen</vers>
                <vers>Safe place, plundered</vers>
                <vers>Bastards kicked the doors in</vers>
                <vers>I picked the stitches</vers>
                <vers>Now I can’t stop bleeding</vers>
                <vers>Three in the morning I ain’t slept all weekend</vers>
                <vers>Six feet in the dirt, still breathing</vers>
                <vers>Don’t give a fuck if my heart stops beating</vers>
            </estrofa>
            <estrofa>
                <vers>Hey, I’m begging you to stay</vers>
                <vers>My darkside won today</vers>
                <vers>My heart keeps breaking</vers>
                <vers>Over and over</vers>
                <vers>Hey, don’t let me out your sight</vers>
                <vers>Can’t trust myself tonight</vers>
                <vers>My heart keeps breaking</vers>
                <vers>Can you talk me off the ledge again?</vers>
            </estrofa>
            <estrofa>
                <vers>Something haunts me</vers>
                <vers>Footsteps in the basement</vers>
                <vers>Out of body</vers>
                <vers>But there’s no escaping</vers>
                <vers>I picked the stitches</vers>
                <vers>Now I can’t stop bleeding</vers>
                <vers>Three in the morning, I ain’t slept all weekend</vers>
                <vers>Six feet in the dirt, still breathing</vers>
                <vers>Don’t give a fuck if my heart stops beating</vers>
            </estrofa>
            <estrofa>
                <vers>Hey, I’m begging you to stay</vers>
                <vers>My darkside won today</vers>
                <vers>My heart keeps breaking</vers>
                <vers>Over and over</vers>
                <vers>Hey, don’t let me out your sight</vers>
                <vers>Can’t trust myself tonight</vers>
                <vers>My heart keeps breaking</vers>
                <vers>Can you talk me off the ledge again?</vers>
            </estrofa>
            <estrofa>
                <vers>Somethings in the way</vers>
                <vers>Don’t know what I can say</vers>
                <vers>Memories are haunting me</vers>
                <vers>A sickness taking over</vers>
                <vers>So bury me alive</vers>
                <vers>There’s nowhere left to hide</vers>
                <vers>And say goodbye</vers>
                <vers>Cos maybe I Maybe I will miss me when I’m gone</vers>
            </estrofa>
            <estrofa>
                <vers>Can’t trust myself tonight</vers>
                <vers>Can’t trust myself tonight</vers>
                <vers>Can’t trust myself</vers>
                <vers>Can you talk me off the ledge again?</vers>
            </estrofa>
        </lletra>
    </canco>
</cancons>
