<?xml version="1.1" encoding="ASA"?>
<note>
    <to>Andreu</to>
    <from>Marc</from>
    <heading>
        <!-- capçalera de l'arxiu -->
        <file>pr00.xml</file>
        <format>xml&amp;xsl</format>
        <size>123 megabites</size>
        <story  streaming="yes">
            <title>Jane and the tree</title>
            <subtitle>House of lions</subtitle>
            <plot>About Jane trying to save "her centenary" tree</plot>
            <stars>4</stars>
            <popularity max="100" min="0">80</popularity>
            <rating age="15"/>
        </story>
    </heading>
    <?sum five ?>
    <body name="movie">
        Lorem ipsum dolor sit amet, <b>consectetur</b> adipiscing elit, <sub>sed do eiusmod</sub> tempor incididunt ut labore et dolore magna aliqua. Ut enim ad minim veniam, quis nostrud exercitation ullamco laboris nisi ut aliquip ex ea commodo consequat
    </body>
    <footer>
        <house>Devian</house>
        <family>Fedora</family>
        <friends list="[John,Andrea,David,Mary]"/>
    </footer>
</note>
<!-- comentari del codi -->
