<?xml version="1.0" encoding="UTF-8"?>
<!DOCTYPE breakfast_menu SYSTEM "PR121.dtd">
<breakfast_menu>
   <food id="id_001">
       <name>Belgian Waffles</name>
       <price>$5.95</price>
       <description>Two of our famous Belgian Waffles with plenty of real maple syrup</description>
       <calories>650</calories>
   </food>
   <food id="id_002">
       <name>Strawberry Belgian Waffles</name>
       <price>$7.95</price>
       <description>Light Belgian waffles covered with strawberries and whipped cream</description>
       <calories>900</calories>
   </food>
   <food id="id_003">
       <name>Berry-Berry Belgian Waffles</name>
       <price>$8.95</price>
       <description>Light Belgian waffles covered with an assortment of fresh berries and whipped cream</description>
       <calories>900</calories>
   </food>
</breakfast_menu>