<?xml version="1.0”?>
<Folders>
    <Folder>
        <StdName>Joe Biden</StdName>
        <Specialization>ICSE</Specialization>
        <Position>Senior</Position>
        <G1>82</G1>
        <G2>96</G2>
        <G3>96.2</G3>
        <tut1>94.4</tut1>
        <G4>0</G4>
        <G5>95.2</G5>
        <tut2>99.2</tut2>
    </Folder>
    <Folder>
        <StdName>Kamala Harish</StdName>
        <Specialization>BQE</Specialization>
        <Position>Low-level</Position>
        <G1>84</G1>
        <G2>95</G2>
        <G3>95.2</G3>
        <tut1>93.4</tut1>
        <G4>10</G4>
        <G5>95.1</G5>
    </Folder>
    <Folder>
        <StdName>Lawrence mark</StdName>
        <Specialization>CBSE</Specialization>
        <Position>Junior</Position>
        <G1>72</G1>
        <G2>94</G2>
        <G3>95.2</G3>
        <tut1>93.4</tut1>
        <G4>0</G4>
        <G5>93.2</G5>
    </Folder>
</Folders>