{
  "settings": {
    "appVersion": 1,
    "name": "siteName",
    "title": "siteTitle",
    "googleFonts": [
      "Open Sans"
    ],
    "stylesheets": [
      "./examples/alphabetList.css"
    ],
    "scripts": []
  },
  "elementsRoot": {
    "tag": "html",
    "description": "Html",
    "text": "",
    "style": {},
    "phone": {},
    "attributes": {},
    "childs": [
      {
        "appId": 1,
        "tag": "head",
        "description": "Head",
        "text": "",
        "style": {},
        "phone": {},
        "attributes": {},
        "childs": []
      },
      {
        "appId": 2,
        "tag": "body",
        "description": "Body",
        "text": "",
        "style": {
          "font-family": "Open Sans",
          "margin": "0",
          "padding": "0"
        },
        "phone": {},
        "attributes": {},
        "childs": [
          {
            "appId": 3,
            "tag": "div",
            "description": "Autocenter",
            "text": "",
            "style": {
              "margin-right": "auto",
              "margin-left": "auto",
              "box-sizing": "border-box",
              "width": "100%",
              "max-width": "1264px",
              "padding-right": "32px",
              "padding-left": "32px"
            },
            "phone": {
              "padding-right": "16px",
              "padding-left": "16px"
            },
            "attributes": {},
            "childs": [
              {
                "appId": 131,
                "tag": "div",
                "description": "Block grup A",
                "text": "",
                "style": {},
                "phone": {},
                "attributes": {},
                "childs": [
                  {
                    "appId": 7,
                    "tag": "p",
                    "description": "title A",
                    "text": "",
                    "style": {
                      "margin": "0",
                      "background-color": "lightgrey",
                      "padding-left": "8px",
                      "padding-right": "8px",
                      "padding-top": "2px",
                      "padding-bottom": "2px",
                      "-attributes-input": "class=\"title\""
                    },
                    "phone": {},
                    "attributes": {
                      "class": "title"
                    },
                    "childs": [
                      {
                        "appId": 8,
                        "tag": "text",
                        "description": "",
                        "text": "A",
                        "style": {},
                        "phone": {},
                        "attributes": {},
                        "childs": []
                      }
                    ]
                  },
                  {
                    "appId": 11,
                    "tag": "p",
                    "description": "Paragraph of text",
                    "text": "",
                    "style": {
                      "margin": "0",
                      "padding-left": "8px",
                      "padding-right": "8px",
                      "padding-bottom": "2px",
                      "padding-top": "2px"
                    },
                    "phone": {},
                    "attributes": {},
                    "childs": [
                      {
                        "appId": 12,
                        "tag": "text",
                        "description": "",
                        "text": "Akita",
                        "style": {},
                        "phone": {},
                        "attributes": {},
                        "childs": []
                      }
                    ]
                  },
                  {
                    "appId": 13,
                    "tag": "p",
                    "description": "Paragraph of text",
                    "text": "",
                    "style": {
                      "margin": "0",
                      "padding-left": "8px",
                      "padding-right": "8px",
                      "padding-bottom": "2px",
                      "padding-top": "2px"
                    },
                    "phone": {},
                    "attributes": {},
                    "childs": [
                      {
                        "appId": 14,
                        "tag": "text",
                        "description": "",
                        "text": "Alpaca",
                        "style": {},
                        "phone": {},
                        "attributes": {},
                        "childs": []
                      }
                    ]
                  },
                  {
                    "appId": 15,
                    "tag": "p",
                    "description": "Paragraph of text",
                    "text": "",
                    "style": {
                      "margin": "0",
                      "padding-left": "8px",
                      "padding-right": "8px",
                      "padding-bottom": "2px",
                      "padding-top": "2px"
                    },
                    "phone": {},
                    "attributes": {},
                    "childs": [
                      {
                        "appId": 16,
                        "tag": "text",
                        "description": "",
                        "text": "Ant",
                        "style": {},
                        "phone": {},
                        "attributes": {},
                        "childs": []
                      }
                    ]
                  },
                  {
                    "appId": 19,
                    "tag": "p",
                    "description": "Paragraph of text",
                    "text": "",
                    "style": {
                      "margin": "0",
                      "padding-left": "8px",
                      "padding-right": "8px",
                      "padding-bottom": "2px",
                      "padding-top": "2px"
                    },
                    "phone": {},
                    "attributes": {},
                    "childs": [
                      {
                        "appId": 20,
                        "tag": "text",
                        "description": "",
                        "text": "Antelope",
                        "style": {},
                        "phone": {},
                        "attributes": {},
                        "childs": []
                      }
                    ]
                  },
                  {
                    "appId": 21,
                    "tag": "p",
                    "description": "Paragraph of text",
                    "text": "",
                    "style": {
                      "margin": "0",
                      "padding-left": "8px",
                      "padding-right": "8px",
                      "padding-bottom": "2px",
                      "padding-top": "2px"
                    },
                    "phone": {},
                    "attributes": {},
                    "childs": [
                      {
                        "appId": 22,
                        "tag": "text",
                        "description": "",
                        "text": "Aussiedoodle",
                        "style": {},
                        "phone": {},
                        "attributes": {},
                        "childs": []
                      }
                    ]
                  },
                  {
                    "appId": 23,
                    "tag": "p",
                    "description": "Paragraph of text",
                    "text": "",
                    "style": {
                      "margin": "0",
                      "padding-left": "8px",
                      "padding-right": "8px",
                      "padding-bottom": "2px",
                      "padding-top": "2px"
                    },
                    "phone": {},
                    "attributes": {},
                    "childs": [
                      {
                        "appId": 24,
                        "tag": "text",
                        "description": "",
                        "text": "Alabai",
                        "style": {},
                        "phone": {},
                        "attributes": {},
                        "childs": []
                      }
                    ]
                  }
                ]
              },
              {
                "appId": 132,
                "tag": "div",
                "description": "Block grup B",
                "text": "",
                "style": {},
                "phone": {},
                "attributes": {},
                "childs": [
                  {
                    "appId": 25,
                    "tag": "p",
                    "description": "title B",
                    "text": "",
                    "style": {
                      "margin": "0",
                      "background-color": "lightgrey",
                      "padding-left": "8px",
                      "padding-right": "8px",
                      "padding-top": "2px",
                      "padding-bottom": "2px",
                      "-attributes-input": "class=\"title\""
                    },
                    "phone": {},
                    "attributes": {
                      "class": "title"
                    },
                    "childs": [
                      {
                        "appId": 26,
                        "tag": "text",
                        "description": "",
                        "text": "B",
                        "style": {},
                        "phone": {},
                        "attributes": {},
                        "childs": []
                      }
                    ]
                  },
                  {
                    "appId": 27,
                    "tag": "p",
                    "description": "Paragraph of text",
                    "text": "",
                    "style": {
                      "margin": "0",
                      "padding-left": "8px",
                      "padding-right": "8px",
                      "padding-bottom": "2px",
                      "padding-top": "2px"
                    },
                    "phone": {},
                    "attributes": {},
                    "childs": [
                      {
                        "appId": 28,
                        "tag": "text",
                        "description": "",
                        "text": "Bat",
                        "style": {},
                        "phone": {},
                        "attributes": {},
                        "childs": []
                      }
                    ]
                  },
                  {
                    "appId": 29,
                    "tag": "p",
                    "description": "Paragraph of text",
                    "text": "",
                    "style": {
                      "margin": "0",
                      "padding-left": "8px",
                      "padding-right": "8px",
                      "padding-bottom": "2px",
                      "padding-top": "2px"
                    },
                    "phone": {},
                    "attributes": {},
                    "childs": [
                      {
                        "appId": 30,
                        "tag": "text",
                        "description": "",
                        "text": "Bear",
                        "style": {},
                        "phone": {},
                        "attributes": {},
                        "childs": []
                      }
                    ]
                  },
                  {
                    "appId": 31,
                    "tag": "p",
                    "description": "Paragraph of text",
                    "text": "",
                    "style": {
                      "margin": "0",
                      "padding-left": "8px",
                      "padding-right": "8px",
                      "padding-bottom": "2px",
                      "padding-top": "2px"
                    },
                    "phone": {},
                    "attributes": {},
                    "childs": [
                      {
                        "appId": 32,
                        "tag": "text",
                        "description": "",
                        "text": "Bichir\n",
                        "style": {},
                        "phone": {},
                        "attributes": {},
                        "childs": []
                      }
                    ]
                  },
                  {
                    "appId": 33,
                    "tag": "p",
                    "description": "Paragraph of text",
                    "text": "",
                    "style": {
                      "margin": "0",
                      "padding-left": "8px",
                      "padding-right": "8px",
                      "padding-bottom": "2px",
                      "padding-top": "2px"
                    },
                    "phone": {},
                    "attributes": {},
                    "childs": [
                      {
                        "appId": 34,
                        "tag": "text",
                        "description": "",
                        "text": "Boogle\n",
                        "style": {},
                        "phone": {},
                        "attributes": {},
                        "childs": []
                      }
                    ]
                  }
                ]
              },
              {
                "appId": 133,
                "tag": "div",
                "description": "Block grup C",
                "text": "",
                "style": {},
                "phone": {},
                "attributes": {},
                "childs": [
                  {
                    "appId": 37,
                    "tag": "p",
                    "description": "title C",
                    "text": "",
                    "style": {
                      "margin": "0",
                      "background-color": "lightgrey",
                      "padding-left": "8px",
                      "padding-right": "8px",
                      "padding-top": "2px",
                      "padding-bottom": "2px",
                      "-attributes-input": "class=\"title\""
                    },
                    "phone": {},
                    "attributes": {
                      "class": "title"
                    },
                    "childs": [
                      {
                        "appId": 38,
                        "tag": "text",
                        "description": "",
                        "text": "C",
                        "style": {},
                        "phone": {},
                        "attributes": {},
                        "childs": []
                      }
                    ]
                  },
                  {
                    "appId": 35,
                    "tag": "p",
                    "description": "Paragraph of text",
                    "text": "",
                    "style": {
                      "margin": "0",
                      "padding-left": "8px",
                      "padding-right": "8px",
                      "padding-bottom": "2px",
                      "padding-top": "2px"
                    },
                    "phone": {},
                    "attributes": {},
                    "childs": [
                      {
                        "appId": 36,
                        "tag": "text",
                        "description": "",
                        "text": "Caiman",
                        "style": {},
                        "phone": {},
                        "attributes": {},
                        "childs": []
                      }
                    ]
                  },
                  {
                    "appId": 39,
                    "tag": "p",
                    "description": "Paragraph of text",
                    "text": "",
                    "style": {
                      "margin": "0",
                      "padding-left": "8px",
                      "padding-right": "8px",
                      "padding-bottom": "2px",
                      "padding-top": "2px"
                    },
                    "phone": {},
                    "attributes": {},
                    "childs": [
                      {
                        "appId": 40,
                        "tag": "text",
                        "description": "",
                        "text": "Catfish",
                        "style": {},
                        "phone": {},
                        "attributes": {},
                        "childs": []
                      }
                    ]
                  },
                  {
                    "appId": 41,
                    "tag": "p",
                    "description": "Paragraph of text",
                    "text": "",
                    "style": {
                      "margin": "0",
                      "padding-left": "8px",
                      "padding-right": "8px",
                      "padding-bottom": "2px",
                      "padding-top": "2px"
                    },
                    "phone": {},
                    "attributes": {},
                    "childs": [
                      {
                        "appId": 42,
                        "tag": "text",
                        "description": "",
                        "text": "Cheetah",
                        "style": {},
                        "phone": {},
                        "attributes": {},
                        "childs": []
                      }
                    ]
                  },
                  {
                    "appId": 43,
                    "tag": "p",
                    "description": "Paragraph of text",
                    "text": "",
                    "style": {
                      "margin": "0",
                      "padding-left": "8px",
                      "padding-right": "8px",
                      "padding-bottom": "2px",
                      "padding-top": "2px"
                    },
                    "phone": {},
                    "attributes": {},
                    "childs": [
                      {
                        "appId": 44,
                        "tag": "text",
                        "description": "",
                        "text": "Chicken",
                        "style": {},
                        "phone": {},
                        "attributes": {},
                        "childs": []
                      }
                    ]
                  },
                  {
                    "appId": 45,
                    "tag": "p",
                    "description": "Paragraph of text",
                    "text": "",
                    "style": {
                      "margin": "0",
                      "padding-left": "8px",
                      "padding-right": "8px",
                      "padding-bottom": "2px",
                      "padding-top": "2px"
                    },
                    "phone": {},
                    "attributes": {},
                    "childs": [
                      {
                        "appId": 46,
                        "tag": "text",
                        "description": "",
                        "text": "Coral",
                        "style": {},
                        "phone": {},
                        "attributes": {},
                        "childs": []
                      }
                    ]
                  },
                  {
                    "appId": 47,
                    "tag": "p",
                    "description": "Paragraph of text",
                    "text": "",
                    "style": {
                      "margin": "0",
                      "padding-left": "8px",
                      "padding-right": "8px",
                      "padding-bottom": "2px",
                      "padding-top": "2px"
                    },
                    "phone": {},
                    "attributes": {},
                    "childs": [
                      {
                        "appId": 48,
                        "tag": "text",
                        "description": "",
                        "text": "Cow",
                        "style": {},
                        "phone": {},
                        "attributes": {},
                        "childs": []
                      }
                    ]
                  }
                ]
              },
              {
                "appId": 134,
                "tag": "div",
                "description": "Block grup D",
                "text": "",
                "style": {},
                "phone": {},
                "attributes": {},
                "childs": [
                  {
                    "appId": 49,
                    "tag": "p",
                    "description": "title D",
                    "text": "",
                    "style": {
                      "margin": "0",
                      "background-color": "lightgrey",
                      "padding-left": "8px",
                      "padding-right": "8px",
                      "padding-top": "2px",
                      "padding-bottom": "2px",
                      "-attributes-input": "class=\"title\""
                    },
                    "phone": {},
                    "attributes": {
                      "class": "title"
                    },
                    "childs": [
                      {
                        "appId": 50,
                        "tag": "text",
                        "description": "",
                        "text": "D",
                        "style": {},
                        "phone": {},
                        "attributes": {},
                        "childs": []
                      }
                    ]
                  },
                  {
                    "appId": 51,
                    "tag": "p",
                    "description": "Paragraph of text",
                    "text": "",
                    "style": {
                      "margin": "0",
                      "padding-left": "8px",
                      "padding-right": "8px",
                      "padding-bottom": "2px",
                      "padding-top": "2px"
                    },
                    "phone": {},
                    "attributes": {},
                    "childs": [
                      {
                        "appId": 52,
                        "tag": "text",
                        "description": "",
                        "text": "Dog",
                        "style": {},
                        "phone": {},
                        "attributes": {},
                        "childs": []
                      }
                    ]
                  },
                  {
                    "appId": 53,
                    "tag": "p",
                    "description": "Paragraph of text",
                    "text": "",
                    "style": {
                      "margin": "0",
                      "padding-left": "8px",
                      "padding-right": "8px",
                      "padding-bottom": "2px",
                      "padding-top": "2px"
                    },
                    "phone": {},
                    "attributes": {},
                    "childs": [
                      {
                        "appId": 54,
                        "tag": "text",
                        "description": "",
                        "text": "Dolphin",
                        "style": {},
                        "phone": {},
                        "attributes": {},
                        "childs": []
                      }
                    ]
                  },
                  {
                    "appId": 55,
                    "tag": "p",
                    "description": "Paragraph of text",
                    "text": "",
                    "style": {
                      "margin": "0",
                      "padding-left": "8px",
                      "padding-right": "8px",
                      "padding-bottom": "2px",
                      "padding-top": "2px"
                    },
                    "phone": {},
                    "attributes": {},
                    "childs": [
                      {
                        "appId": 56,
                        "tag": "text",
                        "description": "",
                        "text": "Dorkie",
                        "style": {},
                        "phone": {},
                        "attributes": {},
                        "childs": []
                      }
                    ]
                  },
                  {
                    "appId": 57,
                    "tag": "p",
                    "description": "Paragraph of text",
                    "text": "",
                    "style": {
                      "margin": "0",
                      "padding-left": "8px",
                      "padding-right": "8px",
                      "padding-bottom": "2px",
                      "padding-top": "2px"
                    },
                    "phone": {},
                    "attributes": {},
                    "childs": [
                      {
                        "appId": 58,
                        "tag": "text",
                        "description": "",
                        "text": "Donkey",
                        "style": {},
                        "phone": {},
                        "attributes": {},
                        "childs": []
                      }
                    ]
                  },
                  {
                    "appId": 59,
                    "tag": "p",
                    "description": "Paragraph of text",
                    "text": "",
                    "style": {
                      "margin": "0",
                      "padding-left": "8px",
                      "padding-right": "8px",
                      "padding-bottom": "2px",
                      "padding-top": "2px"
                    },
                    "phone": {},
                    "attributes": {},
                    "childs": [
                      {
                        "appId": 60,
                        "tag": "text",
                        "description": "",
                        "text": "Dodo",
                        "style": {},
                        "phone": {},
                        "attributes": {},
                        "childs": []
                      }
                    ]
                  },
                  {
                    "appId": 61,
                    "tag": "p",
                    "description": "Paragraph of text",
                    "text": "",
                    "style": {
                      "margin": "0",
                      "padding-left": "8px",
                      "padding-right": "8px",
                      "padding-bottom": "2px",
                      "padding-top": "2px"
                    },
                    "phone": {},
                    "attributes": {},
                    "childs": [
                      {
                        "appId": 62,
                        "tag": "text",
                        "description": "",
                        "text": "Duck",
                        "style": {},
                        "phone": {},
                        "attributes": {},
                        "childs": []
                      }
                    ]
                  }
                ]
              },
              {
                "appId": 135,
                "tag": "div",
                "description": "Block grup E",
                "text": "",
                "style": {},
                "phone": {},
                "attributes": {},
                "childs": [
                  {
                    "appId": 63,
                    "tag": "p",
                    "description": "title E",
                    "text": "",
                    "style": {
                      "margin": "0",
                      "background-color": "lightgrey",
                      "padding-left": "8px",
                      "padding-right": "8px",
                      "padding-top": "2px",
                      "padding-bottom": "2px",
                      "-attributes-input": "class=\"title\""
                    },
                    "phone": {},
                    "attributes": {
                      "class": "title"
                    },
                    "childs": [
                      {
                        "appId": 64,
                        "tag": "text",
                        "description": "",
                        "text": "E",
                        "style": {},
                        "phone": {},
                        "attributes": {},
                        "childs": []
                      }
                    ]
                  },
                  {
                    "appId": 65,
                    "tag": "p",
                    "description": "Paragraph of text",
                    "text": "",
                    "style": {
                      "margin": "0",
                      "padding-left": "8px",
                      "padding-right": "8px",
                      "padding-bottom": "2px",
                      "padding-top": "2px"
                    },
                    "phone": {},
                    "attributes": {},
                    "childs": [
                      {
                        "appId": 66,
                        "tag": "text",
                        "description": "",
                        "text": "Eagle",
                        "style": {},
                        "phone": {},
                        "attributes": {},
                        "childs": []
                      }
                    ]
                  },
                  {
                    "appId": 67,
                    "tag": "p",
                    "description": "Paragraph of text",
                    "text": "",
                    "style": {
                      "margin": "0",
                      "padding-left": "8px",
                      "padding-right": "8px",
                      "padding-bottom": "2px",
                      "padding-top": "2px"
                    },
                    "phone": {},
                    "attributes": {},
                    "childs": [
                      {
                        "appId": 68,
                        "tag": "text",
                        "description": "",
                        "text": "Elk",
                        "style": {},
                        "phone": {},
                        "attributes": {},
                        "childs": []
                      }
                    ]
                  },
                  {
                    "appId": 69,
                    "tag": "p",
                    "description": "Paragraph of text",
                    "text": "",
                    "style": {
                      "margin": "0",
                      "padding-left": "8px",
                      "padding-right": "8px",
                      "padding-bottom": "2px",
                      "padding-top": "2px"
                    },
                    "phone": {},
                    "attributes": {},
                    "childs": [
                      {
                        "appId": 70,
                        "tag": "text",
                        "description": "",
                        "text": "Emu",
                        "style": {},
                        "phone": {},
                        "attributes": {},
                        "childs": []
                      }
                    ]
                  },
                  {
                    "appId": 71,
                    "tag": "p",
                    "description": "Paragraph of text",
                    "text": "",
                    "style": {
                      "margin": "0",
                      "padding-left": "8px",
                      "padding-right": "8px",
                      "padding-bottom": "2px",
                      "padding-top": "2px"
                    },
                    "phone": {},
                    "attributes": {},
                    "childs": [
                      {
                        "appId": 72,
                        "tag": "text",
                        "description": "",
                        "text": "Ermine",
                        "style": {},
                        "phone": {},
                        "attributes": {},
                        "childs": []
                      }
                    ]
                  }
                ]
              },
              {
                "appId": 136,
                "tag": "div",
                "description": "Block grup F",
                "text": "",
                "style": {},
                "phone": {},
                "attributes": {},
                "childs": [
                  {
                    "appId": 75,
                    "tag": "p",
                    "description": "title F",
                    "text": "",
                    "style": {
                      "margin": "0",
                      "background-color": "lightgrey",
                      "padding-left": "8px",
                      "padding-right": "8px",
                      "padding-top": "2px",
                      "padding-bottom": "2px",
                      "-attributes-input": "class=\"title\""
                    },
                    "phone": {},
                    "attributes": {
                      "class": "title"
                    },
                    "childs": [
                      {
                        "appId": 76,
                        "tag": "text",
                        "description": "",
                        "text": "F",
                        "style": {},
                        "phone": {},
                        "attributes": {},
                        "childs": []
                      }
                    ]
                  },
                  {
                    "appId": 73,
                    "tag": "p",
                    "description": "Paragraph of text",
                    "text": "",
                    "style": {
                      "margin": "0",
                      "padding-left": "8px",
                      "padding-right": "8px",
                      "padding-bottom": "2px",
                      "padding-top": "2px"
                    },
                    "phone": {},
                    "attributes": {},
                    "childs": [
                      {
                        "appId": 74,
                        "tag": "text",
                        "description": "",
                        "text": "Falcon",
                        "style": {},
                        "phone": {},
                        "attributes": {},
                        "childs": []
                      }
                    ]
                  },
                  {
                    "appId": 77,
                    "tag": "p",
                    "description": "Paragraph of text",
                    "text": "",
                    "style": {
                      "margin": "0",
                      "padding-left": "8px",
                      "padding-right": "8px",
                      "padding-bottom": "2px",
                      "padding-top": "2px"
                    },
                    "phone": {},
                    "attributes": {},
                    "childs": [
                      {
                        "appId": 78,
                        "tag": "text",
                        "description": "",
                        "text": "Fox",
                        "style": {},
                        "phone": {},
                        "attributes": {},
                        "childs": []
                      }
                    ]
                  },
                  {
                    "appId": 79,
                    "tag": "p",
                    "description": "Paragraph of text",
                    "text": "",
                    "style": {
                      "margin": "0",
                      "padding-left": "8px",
                      "padding-right": "8px",
                      "padding-bottom": "2px",
                      "padding-top": "2px"
                    },
                    "phone": {},
                    "attributes": {},
                    "childs": [
                      {
                        "appId": 80,
                        "tag": "text",
                        "description": "",
                        "text": "Ferret",
                        "style": {},
                        "phone": {},
                        "attributes": {},
                        "childs": []
                      }
                    ]
                  },
                  {
                    "appId": 81,
                    "tag": "p",
                    "description": "Paragraph of text",
                    "text": "",
                    "style": {
                      "margin": "0",
                      "padding-left": "8px",
                      "padding-right": "8px",
                      "padding-bottom": "2px",
                      "padding-top": "2px"
                    },
                    "phone": {},
                    "attributes": {},
                    "childs": [
                      {
                        "appId": 82,
                        "tag": "text",
                        "description": "",
                        "text": "Fish",
                        "style": {},
                        "phone": {},
                        "attributes": {},
                        "childs": []
                      }
                    ]
                  },
                  {
                    "appId": 83,
                    "tag": "p",
                    "description": "Paragraph of text",
                    "text": "",
                    "style": {
                      "margin": "0",
                      "padding-left": "8px",
                      "padding-right": "8px",
                      "padding-bottom": "2px",
                      "padding-top": "2px"
                    },
                    "phone": {},
                    "attributes": {},
                    "childs": [
                      {
                        "appId": 84,
                        "tag": "text",
                        "description": "",
                        "text": "Fossa",
                        "style": {},
                        "phone": {},
                        "attributes": {},
                        "childs": []
                      }
                    ]
                  },
                  {
                    "appId": 85,
                    "tag": "p",
                    "description": "Paragraph of text",
                    "text": "",
                    "style": {
                      "margin": "0",
                      "padding-left": "8px",
                      "padding-right": "8px",
                      "padding-bottom": "2px",
                      "padding-top": "2px"
                    },
                    "phone": {},
                    "attributes": {},
                    "childs": [
                      {
                        "appId": 86,
                        "tag": "text",
                        "description": "",
                        "text": "Frog",
                        "style": {},
                        "phone": {},
                        "attributes": {},
                        "childs": []
                      }
                    ]
                  },
                  {
                    "appId": 87,
                    "tag": "p",
                    "description": "Paragraph of text",
                    "text": "",
                    "style": {
                      "margin": "0",
                      "padding-left": "8px",
                      "padding-right": "8px",
                      "padding-bottom": "2px",
                      "padding-top": "2px"
                    },
                    "phone": {},
                    "attributes": {},
                    "childs": [
                      {
                        "appId": 88,
                        "tag": "text",
                        "description": "",
                        "text": "Fly",
                        "style": {},
                        "phone": {},
                        "attributes": {},
                        "childs": []
                      }
                    ]
                  }
                ]
              },
              {
                "appId": 137,
                "tag": "div",
                "description": "Block grup G",
                "text": "",
                "style": {},
                "phone": {},
                "attributes": {},
                "childs": [
                  {
                    "appId": 91,
                    "tag": "p",
                    "description": "title G",
                    "text": "",
                    "style": {
                      "margin": "0",
                      "background-color": "lightgrey",
                      "padding-left": "8px",
                      "padding-right": "8px",
                      "padding-top": "2px",
                      "padding-bottom": "2px",
                      "-attributes-input": "class=\"title\""
                    },
                    "phone": {},
                    "attributes": {
                      "class": "title"
                    },
                    "childs": [
                      {
                        "appId": 92,
                        "tag": "text",
                        "description": "",
                        "text": "G",
                        "style": {},
                        "phone": {},
                        "attributes": {},
                        "childs": []
                      }
                    ]
                  },
                  {
                    "appId": 89,
                    "tag": "p",
                    "description": "Paragraph of text",
                    "text": "",
                    "style": {
                      "margin": "0",
                      "padding-left": "8px",
                      "padding-right": "8px",
                      "padding-bottom": "2px",
                      "padding-top": "2px"
                    },
                    "phone": {},
                    "attributes": {},
                    "childs": [
                      {
                        "appId": 90,
                        "tag": "text",
                        "description": "",
                        "text": "Goat",
                        "style": {},
                        "phone": {},
                        "attributes": {},
                        "childs": []
                      }
                    ]
                  },
                  {
                    "appId": 93,
                    "tag": "p",
                    "description": "Paragraph of text",
                    "text": "",
                    "style": {
                      "margin": "0",
                      "padding-left": "8px",
                      "padding-right": "8px",
                      "padding-bottom": "2px",
                      "padding-top": "2px"
                    },
                    "phone": {},
                    "attributes": {},
                    "childs": [
                      {
                        "appId": 94,
                        "tag": "text",
                        "description": "",
                        "text": "Gecko",
                        "style": {},
                        "phone": {},
                        "attributes": {},
                        "childs": []
                      }
                    ]
                  },
                  {
                    "appId": 95,
                    "tag": "p",
                    "description": "Paragraph of text",
                    "text": "",
                    "style": {
                      "margin": "0",
                      "padding-left": "8px",
                      "padding-right": "8px",
                      "padding-bottom": "2px",
                      "padding-top": "2px"
                    },
                    "phone": {},
                    "attributes": {},
                    "childs": [
                      {
                        "appId": 96,
                        "tag": "text",
                        "description": "",
                        "text": "Gibbon",
                        "style": {},
                        "phone": {},
                        "attributes": {},
                        "childs": []
                      }
                    ]
                  },
                  {
                    "appId": 97,
                    "tag": "p",
                    "description": "Paragraph of text",
                    "text": "",
                    "style": {
                      "margin": "0",
                      "padding-left": "8px",
                      "padding-right": "8px",
                      "padding-bottom": "2px",
                      "padding-top": "2px"
                    },
                    "phone": {},
                    "attributes": {},
                    "childs": [
                      {
                        "appId": 98,
                        "tag": "text",
                        "description": "",
                        "text": "Goose",
                        "style": {},
                        "phone": {},
                        "attributes": {},
                        "childs": []
                      }
                    ]
                  },
                  {
                    "appId": 99,
                    "tag": "p",
                    "description": "Paragraph of text",
                    "text": "",
                    "style": {
                      "margin": "0",
                      "padding-left": "8px",
                      "padding-right": "8px",
                      "padding-bottom": "2px",
                      "padding-top": "2px"
                    },
                    "phone": {},
                    "attributes": {},
                    "childs": [
                      {
                        "appId": 100,
                        "tag": "text",
                        "description": "",
                        "text": "Gar",
                        "style": {},
                        "phone": {},
                        "attributes": {},
                        "childs": []
                      }
                    ]
                  },
                  {
                    "appId": 101,
                    "tag": "p",
                    "description": "Paragraph of text",
                    "text": "",
                    "style": {
                      "margin": "0",
                      "padding-left": "8px",
                      "padding-right": "8px",
                      "padding-bottom": "2px",
                      "padding-top": "2px"
                    },
                    "phone": {},
                    "attributes": {},
                    "childs": [
                      {
                        "appId": 102,
                        "tag": "text",
                        "description": "",
                        "text": "Gennet",
                        "style": {},
                        "phone": {},
                        "attributes": {},
                        "childs": []
                      }
                    ]
                  },
                  {
                    "appId": 103,
                    "tag": "p",
                    "description": "Paragraph of text",
                    "text": "",
                    "style": {
                      "margin": "0",
                      "padding-left": "8px",
                      "padding-right": "8px",
                      "padding-bottom": "2px",
                      "padding-top": "2px"
                    },
                    "phone": {},
                    "attributes": {},
                    "childs": [
                      {
                        "appId": 104,
                        "tag": "text",
                        "description": "",
                        "text": "Gorilla",
                        "style": {},
                        "phone": {},
                        "attributes": {},
                        "childs": []
                      }
                    ]
                  },
                  {
                    "appId": 105,
                    "tag": "p",
                    "description": "Paragraph of text",
                    "text": "",
                    "style": {
                      "margin": "0",
                      "padding-left": "8px",
                      "padding-right": "8px",
                      "padding-bottom": "2px",
                      "padding-top": "2px"
                    },
                    "phone": {},
                    "attributes": {},
                    "childs": [
                      {
                        "appId": 106,
                        "tag": "text",
                        "description": "",
                        "text": "Grouse",
                        "style": {},
                        "phone": {},
                        "attributes": {},
                        "childs": []
                      }
                    ]
                  },
                  {
                    "appId": 107,
                    "tag": "p",
                    "description": "Paragraph of text",
                    "text": "",
                    "style": {
                      "margin": "0",
                      "padding-left": "8px",
                      "padding-right": "8px",
                      "padding-bottom": "2px",
                      "padding-top": "2px"
                    },
                    "phone": {},
                    "attributes": {},
                    "childs": [
                      {
                        "appId": 108,
                        "tag": "text",
                        "description": "",
                        "text": "Guppy",
                        "style": {},
                        "phone": {},
                        "attributes": {},
                        "childs": []
                      }
                    ]
                  }
                ]
              },
              {
                "appId": 138,
                "tag": "div",
                "description": "Block grup H",
                "text": "",
                "style": {},
                "phone": {},
                "attributes": {},
                "childs": [
                  {
                    "appId": 111,
                    "tag": "p",
                    "description": "title H",
                    "text": "",
                    "style": {
                      "margin": "0",
                      "background-color": "lightgrey",
                      "padding-left": "8px",
                      "padding-right": "8px",
                      "padding-top": "2px",
                      "padding-bottom": "2px",
                      "-attributes-input": "class=\"title\""
                    },
                    "phone": {},
                    "attributes": {
                      "class": "title"
                    },
                    "childs": [
                      {
                        "appId": 112,
                        "tag": "text",
                        "description": "",
                        "text": "H",
                        "style": {},
                        "phone": {},
                        "attributes": {},
                        "childs": []
                      }
                    ]
                  },
                  {
                    "appId": 109,
                    "tag": "p",
                    "description": "Paragraph of text",
                    "text": "",
                    "style": {
                      "margin": "0",
                      "padding-left": "8px",
                      "padding-right": "8px",
                      "padding-bottom": "2px",
                      "padding-top": "2px"
                    },
                    "phone": {},
                    "attributes": {},
                    "childs": [
                      {
                        "appId": 110,
                        "tag": "text",
                        "description": "",
                        "text": "Haddock",
                        "style": {},
                        "phone": {},
                        "attributes": {},
                        "childs": []
                      }
                    ]
                  },
                  {
                    "appId": 113,
                    "tag": "p",
                    "description": "Paragraph of text",
                    "text": "",
                    "style": {
                      "margin": "0",
                      "padding-left": "8px",
                      "padding-right": "8px",
                      "padding-bottom": "2px",
                      "padding-top": "2px"
                    },
                    "phone": {},
                    "attributes": {},
                    "childs": [
                      {
                        "appId": 114,
                        "tag": "text",
                        "description": "",
                        "text": "Hamster",
                        "style": {},
                        "phone": {},
                        "attributes": {},
                        "childs": []
                      }
                    ]
                  },
                  {
                    "appId": 115,
                    "tag": "p",
                    "description": "Paragraph of text",
                    "text": "",
                    "style": {
                      "margin": "0",
                      "padding-left": "8px",
                      "padding-right": "8px",
                      "padding-bottom": "2px",
                      "padding-top": "2px"
                    },
                    "phone": {},
                    "attributes": {},
                    "childs": [
                      {
                        "appId": 116,
                        "tag": "text",
                        "description": "",
                        "text": "Heron",
                        "style": {},
                        "phone": {},
                        "attributes": {},
                        "childs": []
                      }
                    ]
                  },
                  {
                    "appId": 117,
                    "tag": "p",
                    "description": "Paragraph of text",
                    "text": "",
                    "style": {
                      "margin": "0",
                      "padding-left": "8px",
                      "padding-right": "8px",
                      "padding-bottom": "2px",
                      "padding-top": "2px"
                    },
                    "phone": {},
                    "attributes": {},
                    "childs": [
                      {
                        "appId": 118,
                        "tag": "text",
                        "description": "",
                        "text": "Horgi",
                        "style": {},
                        "phone": {},
                        "attributes": {},
                        "childs": []
                      }
                    ]
                  },
                  {
                    "appId": 119,
                    "tag": "p",
                    "description": "Paragraph of text",
                    "text": "",
                    "style": {
                      "margin": "0",
                      "padding-left": "8px",
                      "padding-right": "8px",
                      "padding-bottom": "2px",
                      "padding-top": "2px"
                    },
                    "phone": {},
                    "attributes": {},
                    "childs": [
                      {
                        "appId": 120,
                        "tag": "text",
                        "description": "",
                        "text": "Hagfish",
                        "style": {},
                        "phone": {},
                        "attributes": {},
                        "childs": []
                      }
                    ]
                  },
                  {
                    "appId": 121,
                    "tag": "p",
                    "description": "Paragraph of text",
                    "text": "",
                    "style": {
                      "margin": "0",
                      "padding-left": "8px",
                      "padding-right": "8px",
                      "padding-bottom": "2px",
                      "padding-top": "2px"
                    },
                    "phone": {},
                    "attributes": {},
                    "childs": [
                      {
                        "appId": 122,
                        "tag": "text",
                        "description": "",
                        "text": "Hyena",
                        "style": {},
                        "phone": {},
                        "attributes": {},
                        "childs": []
                      }
                    ]
                  },
                  {
                    "appId": 123,
                    "tag": "p",
                    "description": "Paragraph of text",
                    "text": "",
                    "style": {
                      "margin": "0",
                      "padding-left": "8px",
                      "padding-right": "8px",
                      "padding-bottom": "2px",
                      "padding-top": "2px"
                    },
                    "phone": {},
                    "attributes": {},
                    "childs": [
                      {
                        "appId": 124,
                        "tag": "text",
                        "description": "",
                        "text": "Havapoo",
                        "style": {},
                        "phone": {},
                        "attributes": {},
                        "childs": []
                      }
                    ]
                  },
                  {
                    "appId": 125,
                    "tag": "p",
                    "description": "Paragraph of text",
                    "text": "",
                    "style": {
                      "margin": "0",
                      "padding-left": "8px",
                      "padding-right": "8px",
                      "padding-bottom": "2px",
                      "padding-top": "2px"
                    },
                    "phone": {},
                    "attributes": {},
                    "childs": [
                      {
                        "appId": 126,
                        "tag": "text",
                        "description": "",
                        "text": "Horse",
                        "style": {},
                        "phone": {},
                        "attributes": {},
                        "childs": []
                      }
                    ]
                  },
                  {
                    "appId": 127,
                    "tag": "p",
                    "description": "Paragraph of text",
                    "text": "",
                    "style": {
                      "margin": "0",
                      "padding-left": "8px",
                      "padding-right": "8px",
                      "padding-bottom": "2px",
                      "padding-top": "2px"
                    },
                    "phone": {},
                    "attributes": {},
                    "childs": [
                      {
                        "appId": 128,
                        "tag": "text",
                        "description": "",
                        "text": "Human",
                        "style": {},
                        "phone": {},
                        "attributes": {},
                        "childs": []
                      }
                    ]
                  },
                  {
                    "appId": 129,
                    "tag": "p",
                    "description": "Paragraph of text",
                    "text": "",
                    "style": {
                      "margin": "0",
                      "padding-left": "8px",
                      "padding-right": "8px",
                      "padding-bottom": "2px",
                      "padding-top": "2px"
                    },
                    "phone": {},
                    "attributes": {},
                    "childs": [
                      {
                        "appId": 130,
                        "tag": "text",
                        "description": "",
                        "text": "Hummingbird",
                        "style": {},
                        "phone": {},
                        "attributes": {},
                        "childs": []
                      }
                    ]
                  }
                ]
              }
            ]
          }
        ]
      }
    ]
  }
}