{
  "settings": {
    "appVersion": 1,
    "name": "siteName",
    "title": "siteTitle",
    "googleFonts": [
      "Open Sans"
    ],
    "stylesheets": [],
    "scripts": [
      "./examples/carouselDots.js"
    ]
  },
  "elementsRoot": {
    "tag": "html",
    "description": "Html",
    "text": "",
    "style": {},
    "phone": {},
    "attributes": {},
    "childs": [
      {
        "appId": 0,
        "tag": "head",
        "description": "Head",
        "text": "",
        "style": {},
        "phone": {},
        "attributes": {},
        "childs": []
      },
      {
        "appId": 1,
        "tag": "body",
        "description": "Body",
        "text": "",
        "style": {
          "font-family": "Open Sans",
          "margin": "0",
          "padding": "0"
        },
        "phone": {},
        "attributes": {},
        "childs": [
          {
            "appId": 2,
            "tag": "div",
            "description": "Carousel",
            "text": "",
            "style": {},
            "phone": {},
            "attributes": {},
            "childs": [
              {
                "appId": 3,
                "tag": "div",
                "description": "Carousel frame",
                "text": "",
                "style": {
                  "overflow": "hidden"
                },
                "phone": {},
                "attributes": {},
                "childs": [
                  {
                    "appId": 4,
                    "tag": "div",
                    "description": "Carousel images",
                    "text": "",
                    "style": {
                      "box-sizing": "border-box",
                      "height": "300px",
                      "display": "flex",
                      "-ts-tr": "translate3d",
                      "transform": "translate3d(0, 0, 0)",
                      "-ts-trans-x": "0",
                      "-ts-trans-y": "0",
                      "-ts-trans-z": "0",
                      "-ts-transition": "transform",
                      "transition": "transform 250ms 0ms ease",
                      "-ts-duration": "250",
                      "-ts-delay": "0",
                      "-ts-ease": "ease"
                    },
                    "phone": {},
                    "attributes": {
                      "data-carousel": "images"
                    },
                    "childs": [
                      {
                        "appId": 5,
                        "tag": "img",
                        "description": "Image",
                        "text": "",
                        "style": {
                          "background-color": "lightgrey",
                          "box-sizing": "border-box",
                          "height": "100%",
                          "min-width": "100%",
                          "object-fit": "cover"
                        },
                        "phone": {},
                        "attributes": {
                          "src": "./images/image0.jpg"
                        },
                        "childs": []
                      },
                      {
                        "appId": 6,
                        "tag": "img",
                        "description": "Image",
                        "text": "",
                        "style": {
                          "background-color": "lightgrey",
                          "box-sizing": "border-box",
                          "height": "100%",
                          "min-width": "100%",
                          "object-fit": "cover"
                        },
                        "phone": {},
                        "attributes": {
                          "src": "./images/image5.jpg"
                        },
                        "childs": []
                      },
                      {
                        "appId": 7,
                        "tag": "img",
                        "description": "Image",
                        "text": "",
                        "style": {
                          "background-color": "lightgrey",
                          "box-sizing": "border-box",
                          "height": "100%",
                          "min-width": "100%",
                          "object-fit": "cover"
                        },
                        "phone": {},
                        "attributes": {
                          "src": "./images/image7.jpg"
                        },
                        "childs": []
                      }
                    ]
                  }
                ]
              },
              {
                "appId": 8,
                "tag": "div",
                "description": "Carousel dots",
                "text": "",
                "style": {
                  "box-sizing": "border-box",
                  "height": "24px",
                  "display": "flex",
                  "align-items": "center",
                  "justify-content": "center"
                },
                "phone": {},
                "attributes": {},
                "childs": [
                  {
                    "appId": 9,
                    "tag": "div",
                    "description": "Carousel dot",
                    "text": "",
                    "style": {
                      "width": "16px",
                      "height": "16px",
                      "border-radius": "16px",
                      "cursor": "pointer",
                      "margin": "4px",
                      "border": "solid 2.5px gray",
                      "box-sizing": "border-box",
                      "background-color": "gray"
                    },
                    "phone": {},
                    "attributes": {
                      "onclick": "setCarouselDots(this)"
                    },
                    "childs": []
                  },
                  {
                    "appId": 10,
                    "tag": "div",
                    "description": "Carousel dot",
                    "text": "",
                    "style": {
                      "width": "16px",
                      "height": "16px",
                      "border-radius": "16px",
                      "cursor": "pointer",
                      "margin": "4px",
                      "border": "solid 2.5px gray",
                      "box-sizing": "border-box"
                    },
                    "phone": {},
                    "attributes": {
                      "onclick": "setCarouselDots(this)"
                    },
                    "childs": []
                  },
                  {
                    "appId": 11,
                    "tag": "div",
                    "description": "Carousel dot",
                    "text": "",
                    "style": {
                      "width": "16px",
                      "height": "16px",
                      "border-radius": "16px",
                      "cursor": "pointer",
                      "margin": "4px",
                      "border": "solid 2.5px gray",
                      "box-sizing": "border-box"
                    },
                    "phone": {},
                    "attributes": {
                      "onclick": "setCarouselDots(this)"
                    },
                    "childs": []
                  }
                ]
              }
            ]
          }
        ]
      }
    ]
  }
}